{"area_poins": [[323.20000000000005, 107.8], [155.20000000000002, 110.8], [134.2, 131.2], [127.0, 191.20000000000002],
  [128.2, 192.40000000000003], [133.0, 192.40000000000003], [133.60000000000002, 194.8], [132.4, 199.0], [126.4, 197.8],
  [107.2, 356.20000000000005], [301.6, 392.20000000000005], [313.6, 298.6], [320.20000000000005, 224.8], [323.20000000000005, 149.20000000000002], [323.20000000000005, 107.8]],
  "area_pixel_scale_coef": 0.6555517674844418,
  "sections_coordinates": [[[122, 249], [152, 271]], [[152, 246], [182, 268]], [[183, 243], [213, 265]], [[213, 240],
    [243, 262]], [[244, 237], [274, 259]], [[274, 234], [304, 256]], [[305, 231], [335, 253]], [[335, 228], [365, 250]],
    [[152, 299], [182, 321]], [[183, 296], [213, 318]], [[213, 293], [243, 315]], [[244, 290], [274, 312]], [[274, 287],
      [304, 309]], [[305, 284], [335, 306]], [[335, 281], [365, 303]], [[366, 278], [396, 300]], [[152, 352], [182, 374]],
    [[183, 349], [213, 371]], [[213, 346], [243, 368]], [[244, 343], [274, 365]], [[274, 340], [304, 362]], [[305, 337],
      [335, 359]], [[213, 187], [243, 209]], [[244, 184], [274, 206]], [[274, 181], [304, 203]], [[305, 178], [335, 200]],
    [[335, 175], [365, 197]]]}
